id,word,S,R,B,A,L,F,T
1457,белок,4,3,3,3,2,4,3
1456,скоба,4,5,4,2,3,4,
1455,измор,3,3,3,3,3,4,
1454,вздор,4,5,4,4,4,5,
1453,лесть,4,4,2,3,3,3,
1452,калым,4,5,4,6,4,5,
1451,щетка,7,6,7,7,6,7,
1450,линия,3,4,4,3,5,3,
1449,сумка,4,5,5,5,4,2,
1448,вылет,3,4,4,5,4,5,
1447,страж,4,6,3,4,5,3,
1446,пушок,4,4,4,4,6,6,
1445,смута,4,3,4,4,4,4,
1444,фраза,5,5,3,3,4,3,
1443,полет,3,3,3,4,4,4,
1442,сноха,4,3,4,3,4,4,
1441,слюда,6,4,5,5,3,4,
1440,дрозд,5,3,4,4,5,3,
1439,рояль,4,4,5,3,5,5,
1438,титан,3,4,3,4,3,4,
1437,терка,2,5,4,2,4,4,
1436,радио,3,3,3,2,3,3,
1435,ходок,5,3,4,5,6,3,
1434,вотум,3,3,4,3,4,4,
1433,проза,4,4,4,3,2,5,
1432,редис,4,4,5,4,4,5,
1431,мулат,5,2,2,3,3,3,
1430,вожак,4,4,5,3,5,4,
1429,глава,3,4,4,3,6,3,
1428,обруч,3,6,3,4,4,4,
1427,наган,3,3,2,4,4,4,
1426,азиат,4,3,3,5,4,4,
1425,вираж,3,4,4,5,4,4,
1424,отдел,4,4,4,3,4,4,
1423,квест,3,5,4,4,4,,
1422,мадам,5,3,4,3,4,4,
1421,ордер,4,5,4,3,6,3,
1420,гиена,2,4,4,3,4,4,
1419,челка,2,4,3,3,4,3,
1418,ветка,3,4,5,5,3,5,
1417,гусли,3,3,3,3,4,2,
1416,выпас,3,3,4,5,4,4,
1415,плечо,3,4,5,3,3,2,
1414,плоть,3,3,3,3,3,4,
1413,парча,4,5,3,4,7,4,
1412,корка,3,4,3,2,5,6,
1411,закат,4,3,3,4,3,4,
1410,кишка,2,6,7,4,7,5,
1409,убыль,3,4,4,4,3,3,
1408,марка,3,6,4,3,4,6,
1407,заряд,4,3,3,4,3,4,
1406,аниме,3,5,3,4,4,5,
1405,грунт,3,4,4,3,2,3,
1404,жених,5,5,3,5,4,4,
1403,бинго,4,3,3,3,2,5,
1402,казна,3,3,3,3,3,3,
1401,крона,3,3,2,2,4,5,
1400,намек,2,3,4,2,4,3,
1399,ножка,3,5,3,2,7,6,
1398,довод,4,4,4,4,5,4,
1397,засор,3,4,5,2,7,5,
1396,стенд,4,4,4,3,3,3,
1395,музей,3,4,4,3,4,4,
1394,набег,3,7,5,3,4,2,
1393,право,3,3,3,3,2,4,
1392,лейка,5,3,5,3,3,4,
1391,ловля,3,5,3,4,3,2,
1390,дзюдо,4,4,4,4,3,3,
1389,судья,3,4,4,4,3,4,
1388,минер,3,3,4,3,3,4,
1387,графа,5,3,6,6,5,4,
1386,насос,4,5,4,3,4,3,
1385,гогот,4,4,4,4,5,5,
1384,ребро,2,3,3,2,4,4,
1383,рахит,5,5,4,4,5,4,
1382,багги,4,5,5,4,4,3,
1381,сумма,4,6,4,4,4,4,
1380,пенал,2,4,3,3,3,3,
1379,шуруп,3,5,4,4,3,4,
1378,залог,4,2,5,4,4,5,
1377,сапог,2,4,3,2,3,4,
1376,кошка,6,5,7,5,3,6,
1375,стена,3,4,4,3,2,4,
1374,число,3,3,4,4,4,4,
1373,варяг,4,3,4,5,5,4,
1372,гуашь,3,4,4,4,4,4,
1371,выдох,3,3,4,3,5,4,
1370,долма,4,4,4,5,5,5,
1369,кокос,4,3,2,3,3,4,4
1368,лишай,4,4,3,4,4,5,3
1367,азарт,2,3,3,4,4,3,3
1366,пицца,3,4,5,4,4,4,3
1365,обход,4,5,5,4,5,3,2
1364,ружье,4,3,4,3,2,4,3
1363,диета,3,4,5,3,3,3,
1362,зомби,3,4,4,4,4,6,
1361,сироп,2,4,3,3,2,3,
1360,хобот,4,3,4,5,4,6,3
1359,шланг,2,2,3,3,3,4,4
1358,квота,3,3,2,3,3,4,3
1357,тяжба,4,5,5,5,5,4,2
1356,копье,3,4,3,3,4,3,3
1355,часть,4,4,4,3,6,4,5
1354,набор,3,4,4,2,3,3,
1353,галун,3,4,3,5,4,6,
1352,аллея,4,4,3,2,4,4,
1351,глыба,4,7,4,4,4,4,
1350,кепка,4,5,5,3,4,3,
1349,рюмка,4,2,4,3,3,5,
1348,парео,2,5,3,3,5,5,
1347,чипсы,3,4,4,4,,4,
1346,бланк,3,3,2,3,3,2,
1345,валик,4,4,3,4,3,4,
1344,племя,2,4,4,3,3,5,
1343,скрип,3,5,3,3,2,4,
1342,фикус,4,3,5,3,4,4,
1341,злато,4,3,4,5,3,4,
1340,канал,2,3,3,4,3,4,
1339,рента,3,4,4,3,3,3,
1338,рубка,5,2,4,4,2,4,
1337,глубь,4,5,4,4,4,3,
1336,боров,4,4,4,2,3,2,
1335,вилка,4,4,4,3,4,4,
1334,майор,3,5,6,3,5,5,
1333,акрил,4,4,4,3,3,4,
1332,место,3,4,4,3,3,3,
1331,левша,4,5,3,3,3,3,
1330,дрель,3,3,5,3,4,3,
1329,кадка,4,7,3,6,5,5,
1328,панно,5,3,4,3,3,3,2
1327,адрес,3,4,3,3,4,5,3
1326,отказ,3,5,4,3,4,5,
1325,лютик,4,4,3,4,4,5,
1324,ситец,3,4,3,3,3,3,3
1323,выкуп,4,3,3,4,4,3,2
1322,драже,2,3,4,3,4,3,3
1321,кабак,4,4,5,5,4,3,5
1320,видео,3,5,4,2,3,4,3
1319,верфь,2,5,4,4,4,3,3
1318,нутро,2,4,4,2,3,4,3
1317,завет,3,4,5,3,2,4,3
1316,шокер,4,4,2,3,4,4,3
1315,колба,2,3,3,2,4,2,2
1314,слава,3,5,4,5,3,4,2
1313,бугор,3,3,3,3,3,4,3
1312,есаул,2,3,3,3,3,4,
1311,аскет,2,5,3,3,4,3,
1310,ласка,4,5,6,4,3,4,
1309,забег,4,5,3,3,3,6,
1308,пламя,2,4,5,3,3,3,
1307,капля,3,5,5,3,3,4,
1306,сарай,4,5,3,5,3,4,2
1305,одурь,4,3,3,4,3,3,2
1304,наезд,3,3,4,3,3,4,3
1303,кокон,3,4,3,2,4,4,3
1302,олень,2,4,4,2,2,4,
1301,визит,3,4,3,3,3,3,4
1300,мусор,2,4,4,3,3,3,
1299,щегол,3,4,5,3,4,4,
1298,ханжа,5,4,4,4,5,4,
1297,раунд,3,2,3,3,4,4,2
1296,завал,3,4,5,4,4,4,3
1295,выезд,3,3,5,5,3,4,4
1294,купол,3,4,3,2,2,3,2
1293,этнос,4,3,3,5,3,5,4
1292,закон,2,4,4,3,3,3,2
1291,болид,,,,,,,
1290,бремя,,,,,,,
1289,цифра,,,,,,,
1288,сцена,,,,,,6,
1287,салат,3,4,4,3,3,3,4
1286,аборт,3,4,3,2,3,5,3
1285,ралли,2,3,4,5,3,4,3
1284,тепло,3,4,4,4,2,3,
1283,почка,3,5,6,3,3,4,2
1282,сукно,2,3,4,2,3,4,2
1281,конус,3,5,3,2,2,4,3
1280,аудит,3,3,3,4,3,4,
1279,агора,4,5,5,4,3,3,
1278,тулуп,3,4,2,3,3,3,2
1277,проба,4,4,4,4,2,4,3
1276,голем,3,3,5,3,4,3,3
1275,точка,3,6,6,3,3,4,3
1274,лента,3,3,4,3,2,3,2
1273,кумир,3,3,3,3,3,3,2
1272,дебет,3,4,4,3,3,4,3
1271,эмаль,3,4,3,5,3,5,3
1270,сюжет,3,4,3,3,3,5,4
1269,конец,2,5,4,3,2,5,3
1268,штиль,3,3,4,3,3,4,2
1267,пауза,3,4,2,5,3,5,2
1266,шпиль,3,4,4,2,3,3,3
1265,барин,3,3,4,2,3,3,3
1264,клюка,4,6,4,5,3,5,4
1263,сабля,2,4,3,3,3,5,
1262,сифон,2,3,3,4,4,3,
1261,холст,3,5,3,4,3,3,
1260,валун,4,4,3,3,2,5,
1259,дозор,3,4,4,3,3,4,
1258,флирт,3,3,4,4,3,4,
1257,щебет,4,4,5,3,3,4,
1256,позор,3,3,4,,3,5,3
1255,дебри,3,4,3,,3,5,3
1254,ездок,3,4,3,,3,4,3
1253,пачка,3,4,3,,3,6,4
1252,багет,3,3,5,,2,3,3
1251,окунь,2,4,5,,3,4,3
1250,бутон,3,4,4,,2,3,3
1249,весть,3,4,7,,7,4,3
1248,зебра,3,3,5,,3,3,4
1247,бугай,4,4,5,,3,4,4
1246,слеза,2,5,5,,3,,3
1245,гений,3,5,5,,2,3,3
1244,жесть,3,5,6,,3,3,
1243,ссуда,2,3,4,,4,3,3
1242,венок,3,4,5,,5,4,3
1241,блоха,2,4,3,,5,3,1
1240,кроль,4,4,4,,4,4,2
1239,истец,2,4,4,,4,4,3
1238,малыш,4,5,4,,4,3,2
1237,трусы,3,3,4,,3,3,2
1236,гусак,4,3,4,,3,4,3
1235,волхв,5,4,5,,6,4,4
1234,юноша,3,2,2,,4,5,4
1233,лотос,4,3,3,,3,3,3
1232,хакер,4,4,3,,4,4,2
1231,кешью,3,3,3,,4,4,3
1230,седло,3,5,3,,3,4,3
1229,давка,3,4,4,,4,2,3
1228,порох,3,4,4,,4,5,4
1227,метка,3,4,7,,3,3,
1226,тесак,3,4,3,,2,3,2
1225,набат,3,3,3,,4,4,3
1224,медик,3,4,2,,3,2,3
1223,химик,3,5,4,,4,4,3
1222,опера,2,4,4,,3,4,3
1221,титул,3,4,4,,4,4,3
1220,борей,4,3,3,,4,4,4
1219,пират,2,5,3,,3,5,2
1218,грамм,3,3,4,,4,3,2
1217,гелий,3,3,4,,5,4,4
1216,упрек,3,4,3,,4,5,2
1215,силос,3,4,4,,3,4,3
1214,излом,3,4,4,,4,5,3
1213,рубин,3,4,3,,3,5,3
1212,рамка,3,5,3,,5,5,3
1211,столп,3,3,3,,3,3,3
1210,гидра,3,4,3,,3,4,
1209,гонка,2,3,2,,4,5,4
1208,обман,4,4,3,,4,5,3
1207,лемма,4,4,4,,5,5,
1206,пихта,2,4,4,,4,3,
1205,копия,2,6,3,,4,4,
1204,тайна,,,,,4,4,
1203,калий,,,,,2,5,4
1202,велюр,,,,,4,4,3
1201,сойка,,,,,3,4,3
1200,кузов,4,4,4,,4,4,
1199,тубус,3,4,3,,3,4,
1198,шкала,3,4,3,,3,3,
1197,метод,3,4,5,,3,4,
1196,тиски,4,4,3,,4,4,
1195,канон,3,4,5,,3,5,
1194,ярлык,3,3,3,,3,3,
1193,успех,3,3,3,,3,4,3
1192,лемур,2,4,3,,3,5,2
1191,букет,2,4,3,,2,3,3
1190,мятеж,2,4,4,,2,4,4
1189,алиби,3,4,4,,3,4,
1188,ведро,4,4,3,,2,5,3
1187,погон,4,4,4,,3,2,2
1186,шлейф,3,3,4,,4,4,
1185,халва,4,4,3,,3,4,3
1184,дрофа,3,4,4,,2,4,4
1183,очерк,3,4,4,,4,3,3
1182,тираж,4,4,3,,3,3,
1181,утиль,3,4,4,,3,5,3
1180,ткань,3,4,4,,3,3,
1179,отбой,4,5,6,,4,3,
1178,певун,3,3,4,,4,4,3
1177,холоп,3,4,4,,3,4,
1176,ванна,3,4,3,,3,3,2
1175,вязка,3,3,4,,5,3,
1174,закал,4,4,3,,3,4,4
1173,декан,3,4,5,,4,4,3
1172,богач,2,3,3,,3,4,2
1171,кулон,3,3,3,,3,5,4
1170,флора,2,4,4,,3,5,4
1169,семга,2,3,4,,2,4,2
1168,образ,3,3,3,,4,3,3
1167,друид,3,2,5,,4,5,3
1166,кутеж,3,3,3,,4,4,3
1165,венец,3,5,4,,3,2,2
1164,резня,3,6,4,,3,5,3
1163,узбек,3,2,3,,4,3,2
1162,пепел,3,5,4,,3,3,4
1161,опрос,3,4,3,,4,3,4
1160,касса,4,4,6,,4,5,4
1159,овраг,2,3,2,,4,4,2
1158,флаер,3,3,4,,5,5,3
1157,ягель,3,4,2,,4,6,2
1156,баран,3,3,4,,4,4,3
1155,франк,3,3,2,,4,5,4
1154,вождь,2,4,4,,4,4,4
1153,пафос,3,3,3,,4,4,3
1152,тариф,3,2,4,,3,2,2
1151,топка,3,3,2,,3,3,
1150,бронх,3,5,3,,4,6,
1149,позыв,3,4,3,,3,3,2
1148,финик,4,5,4,,6,5,
1147,щелка,5,6,5,,7,5,3
1146,пикет,2,3,4,,3,3,2
1145,фасон,2,5,5,,3,5,3
1144,желоб,3,2,5,,4,3,3
1143,амбал,3,4,3,,3,4,2
1142,слуга,2,5,6,,6,5,2
1141,кукла,3,4,3,,3,4,3
1140,досуг,3,3,4,,3,4,3
1139,берет,3,4,5,,3,4,
1138,шторм,3,4,3,,2,3,2
1137,койот,3,5,4,,4,5,
1136,батут,3,3,4,,2,3,2
1135,взлом,3,5,4,,3,5,3
1134,осина,2,3,3,,2,3,
1133,заход,3,4,4,,4,5,3
1132,кость,3,5,3,,4,4,2
1131,обмен,3,5,4,,3,2,3
1130,герой,3,3,5,,3,3,3
1129,бобер,4,3,4,,4,6,3
1128,откат,3,5,3,,5,4,
1127,денди,3,4,3,,4,3,3
1126,лиана,3,5,3,,3,4,3
1125,схема,2,3,4,,5,4,3
1124,хвост,4,5,4,,2,3,2
1123,бровь,3,5,4,,2,3,3
1122,комбо,5,3,3,,3,4,3
1121,койка,5,5,7,,6,4,4
1120,вобла,3,4,3,,3,3,3
1119,кознь,4,5,4,,4,3,3
1118,говор,4,5,4,,3,4,
1117,байка,3,7,5,,5,3,5
1116,кубик,5,4,4,,4,3,2
1115,поток,4,3,3,,3,4,3
1114,оплот,3,4,4,,3,4,
1113,вагон,3,3,4,,3,3,4
1112,бокал,2,4,4,,4,3,3
1111,бисер,3,5,6,,4,4,4
1110,опека,3,4,3,,3,3,4
1109,свара,4,4,3,,4,4,3
1108,умник,4,4,3,,3,3,2
1107,кисть,4,4,2,,3,2,2
1106,подол,3,5,2,,3,4,4
1105,ариец,3,4,3,,4,4,3
1104,балда,4,5,3,,3,5,4
1103,недуг,3,4,3,,4,4,
1102,вытье,3,4,5,,4,3,3
1101,слива,3,4,4,,3,3,3
1100,шхера,4,4,4,,3,7,7
1099,тумак,3,3,3,,3,4,4
1098,шайба,4,4,4,,5,3,4
1097,палка,3,7,2,,4,4,3
1096,износ,4,3,4,,4,4,3
1095,лапка,3,5,2,,6,5,
1094,вывод,4,5,4,,4,3,3
1093,сброд,4,5,3,,4,4,2
1092,кадет,2,4,3,,3,4,
1091,устой,3,4,4,,5,4,2
1090,глина,2,3,6,,4,4,4
1089,ферзь,3,4,4,,5,4,3
1088,ябеда,2,3,4,,5,4,3
1087,абзац,4,2,6,,4,4,2
1086,стопа,3,3,3,,2,4,1
1085,пушка,3,7,3,,4,4,3
1084,штифт,4,4,3,,4,3,3
1083,порча,4,6,2,,3,3,
1082,слюна,4,4,4,,4,2,3
1081,нимфа,3,4,5,,4,3,3
1080,выбор,3,4,3,,4,3,3
1079,мечта,1,4,4,,3,3,3
1078,радар,4,5,4,,3,4,4
1077,ворот,4,4,4,,5,4,3
1076,орава,3,3,4,,3,6,3
1075,ущерб,3,4,3,,6,3,3
1074,обзор,5,5,4,,5,3,4
1073,смузи,4,3,4,,4,4,5
1072,камыш,4,4,4,,4,6,2
1071,колок,4,5,3,,5,5,4
1070,штамп,4,4,2,,4,4,2
1069,тачка,3,4,2,,3,4,4
1068,вброс,3,3,3,,5,4,3
1067,жилет,4,4,4,,4,4,4
1066,рукав,3,3,3,,4,4,2
1065,посох,5,5,5,,3,4,3
1064,нытье,4,4,6,,4,3,3
1063,резка,3,7,6,,7,4,3
1062,вирус,3,3,4,,3,3,2
1061,ствол,4,3,3,,4,3,4
1060,катер,3,3,2,,4,4,4
1059,столб,3,4,4,,2,4,5
1058,земля,4,4,4,,3,3,4
1057,пятак,3,5,4,,4,5,3
1056,ответ,4,5,3,,5,4,3
1055,шоссе,3,3,3,,4,6,
1054,мания,4,5,4,,4,4,
1053,склон,4,4,2,,3,3,3
1052,чулан,4,4,5,,4,6,2
1051,шприц,3,6,4,,3,4,
1050,треск,2,6,2,,3,3,3
1049,карта,3,4,2,,3,4,
1048,лыжня,3,3,3,,3,4,3
1047,хамло,3,3,,,4,4,4
1046,летун,2,2,,,3,4,3
1045,свояк,3,5,,,3,4,
1044,комод,3,3,,,3,6,3
1043,днище,3,3,,,5,4,4
1042,дилер,4,6,,,4,5,2
1041,спрут,4,4,,,2,3,3
1040,бурка,4,5,,,4,5,5
1039,навык,4,5,,,4,5,
1038,суфле,4,4,,,3,5,
1037,месть,3,4,,,4,3,3
1036,замах,5,5,,,3,3,
1035,театр,2,4,,,4,3,
1034,груда,3,4,,,3,5,4
1033,сурок,4,3,,,5,3,2
1032,вдова,4,3,,,6,3,5
1031,утеха,5,3,,,2,4,3
1030,тягач,2,4,,,3,6,3
1029,помои,3,4,,,5,3,4
1028,штора,4,4,,,3,4,5
1027,варан,3,4,,,4,4,3
1026,уклад,3,4,,,4,3,
1025,взнос,3,3,,,5,5,
1024,тварь,3,4,,,3,4,
1023,звено,4,,,,2,3,3
1022,знамя,3,,,,4,4,
1021,шапка,3,,,,3,3,
1020,струя,3,,,,4,4,3
1019,ольха,4,,,,5,4,
1018,песня,3,,,,3,4,2
1017,принц,4,,,,4,4,2
1016,молот,2,,,,4,5,
1015,ведун,3,,,,3,4,4
1014,намаз,3,3,,,4,5,3
1013,тяпка,3,4,,,2,4,4
1012,маска,3,4,,,3,5,5
1011,майка,4,7,,,5,7,5
1010,кебаб,3,4,4,,2,,2
1009,паром,2,4,3,,3,2,2
1008,парка,3,5,2,,6,7,3
1007,самец,2,5,3,,5,4,
1006,фокус,2,4,4,,3,3,3
1005,вокал,3,4,3,,2,3,3
1004,грудь,2,4,4,,4,4,4
1003,карма,3,3,4,,4,2,3
1002,литье,3,4,5,,3,4,
1001,вывоз,4,4,3,,4,5,3
1000,побег,2,4,4,,4,2,3
999,копка,4,4,3,,4,6,4
998,шпага,3,4,5,,4,4,3
997,рубеж,3,3,4,,4,4,2
996,рычаг,2,5,5,,4,5,3
995,ролик,3,3,2,,3,3,4
994,вырез,2,6,3,,3,3,3
993,башня,4,5,4,,5,5,3
992,шишка,3,4,4,,4,7,7
991,мямля,4,4,3,,4,3,5
990,актер,2,5,4,,3,3,4
989,идеал,3,4,4,,4,4,2
988,хохма,4,7,3,,4,5,4
987,верба,3,5,5,,3,4,2
986,турне,3,3,2,,3,3,3
985,лимит,3,4,3,,4,3,3
984,склад,2,4,4,,4,3,3
983,проем,3,4,3,,5,4,3
982,голос,3,5,4,,4,5,3
981,дупло,2,3,3,,3,4,
980,белье,3,4,4,,3,3,
979,жилье,3,3,3,,4,3,
978,рожок,3,4,3,,4,4,3
977,икона,2,3,3,,4,4,3
976,шарик,4,3,3,,5,4,
975,червь,3,5,3,,4,5,
974,макет,3,5,3,,3,5,
973,пасха,2,3,4,,4,5,
972,жираф,3,4,3,,3,3,
971,брага,3,3,3,,4,4,
970,целое,3,4,4,,4,4,3
969,поиск,2,4,3,,3,,
968,ислам,3,5,4,,3,4,
967,иудей,3,5,3,,4,4,
966,ересь,4,5,3,,4,4,4
965,кровь,2,5,3,,3,4,2
964,робот,3,5,3,,3,3,3
963,садок,3,5,4,,4,3,3
962,обгон,2,4,4,,4,4,
961,въезд,3,3,4,,4,4,
960,краса,4,5,2,,4,3,3
959,полюс,3,4,4,,3,4,4
958,орало,3,4,4,,4,4,3
957,масса,3,3,5,,4,4,
956,гейша,4,5,5,,3,3,2
955,бегун,3,4,4,,2,4,3
954,рынок,2,4,3,,6,4,4
953,семья,2,4,4,,3,3,2
952,нефть,3,5,4,,5,3,3
951,лежак,3,4,3,,5,4,3
950,мякиш,2,4,4,,3,4,2
949,хамон,4,6,5,,4,4,3
948,отбор,4,3,3,,5,3,3
947,декор,4,4,3,,3,4,3
946,венгр,3,5,3,,4,4,4
945,культ,3,4,2,,4,4,4
944,домен,3,3,3,,3,5,3
943,отвал,3,4,3,,3,3,3
942,шляпа,3,4,3,,4,4,
941,мания,2,3,4,,6,4,3
940,пижон,4,5,3,,4,4,4
939,косяк,3,4,4,,4,5,4
938,побор,3,5,3,,5,3,
937,каток,3,5,3,,3,3,3
936,мэрия,3,3,5,,5,3,3
935,ложка,4,6,4,,5,5,3
934,бахча,5,5,4,,4,4,3
933,кумыс,2,4,4,,4,5,3
932,бадья,3,5,5,,4,3,
931,кумар,3,3,5,,3,4,2
930,сбруя,3,4,4,,3,3,4
929,бухта,3,5,4,,4,3,5
928,волан,3,4,4,,3,5,
927,грыжа,3,5,4,,3,4,3
926,шалаш,3,5,4,,2,4,3
925,шафер,3,3,4,,4,4,3
924,марля,3,3,3,,3,3,3
923,паста,3,3,4,,2,3,2
922,загон,4,6,3,,3,3,
921,нация,3,6,5,,4,2,
920,отдых,2,4,5,,3,3,3
919,баржа,3,4,4,,3,4,4
918,жетон,2,4,4,,4,2,2
917,экран,2,3,3,,3,3,3
916,пятка,4,3,3,,5,2,1
915,спрос,3,3,4,,2,5,3
914,бочка,3,2,5,,3,4,3
913,чрево,3,5,4,,3,3,2
912,мысль,3,4,3,,3,,
911,газон,2,4,3,,3,4,2
910,канат,3,2,3,,4,4,4
909,фрукт,3,4,3,,3,4,
908,пункт,3,4,2,,4,3,3
907,дебош,3,3,5,,3,3,3
906,отель,3,4,4,,3,4,2
905,финал,2,4,4,,3,3,2
904,чалма,3,4,4,,4,,3
903,взлет,3,3,5,,5,3,3
902,тюфяк,3,3,4,,4,4,3
901,зазор,4,4,4,,4,6,4
900,фужер,3,5,3,,3,6,3
899,комар,2,4,3,,2,4,4
898,зефир,2,5,3,,3,4,4
897,казах,,,,,4,5,3
896,басня,,,,,2,5,3
895,молва,,,,,4,3,
894,пацан,,,,,4,2,2
893,водка,,,,,2,6,6
892,пряжа,,4,3,,2,4,5
891,якорь,,3,2,,3,3,2
890,мешок,,3,3,,3,4,3
889,кудри,,3,3,,4,4,4
888,навес,,3,3,,2,4,3
887,фиала,,3,3,,4,4,6
886,чудак,,5,4,,2,3,3
885,пытка,,3,3,,6,3,4
884,леший,,4,3,,4,5,4
883,лоток,,4,3,,3,4,3
882,птица,,4,3,,3,2,3
881,архив,,3,3,,4,4,
880,элита,,4,4,,5,3,3
879,носок,,4,4,,2,3,3
878,отжим,,4,3,,4,6,2
877,вепрь,,3,4,,3,3,3
876,вызов,,4,4,,5,5,2
875,булат,,4,4,,5,4,4
874,доска,,3,3,,3,5,6
873,ручка,,3,5,,3,4,3
872,шофер,,3,4,,3,2,4
871,груша,,3,3,,3,2,3
870,шпион,,3,3,,2,2,3
869,дебют,,3,4,,4,5,3
868,искра,,3,3,,3,4,4
867,армия,,2,4,,3,5,3
866,гонец,,3,4,,4,4,4
865,шаман,,4,3,,4,3,3
864,лассо,,3,3,,3,5,3
863,инжир,,4,3,,4,4,
862,леска,,5,5,,2,4,3
861,сосед,,4,3,,3,4,
860,обида,,3,3,,3,4,4
859,хорек,,3,3,,4,3,4
858,чукча,,3,3,,4,4,
857,финиш,,5,4,,6,3,3
856,виски,,3,3,,2,4,3
855,туфля,,5,4,,2,4,3
854,налет,,4,3,,4,3,3
853,батат,,3,3,,3,4,3
852,жатка,,3,4,,6,7,4
851,скунс,,4,4,,3,3,3
850,кухня,,5,3,,4,4,3
849,какао,,4,3,,2,4,3
848,гольф,,5,4,,3,4,2
847,свита,,4,4,,4,3,2
846,сетка,,5,4,,3,3,
845,песок,,4,3,,2,4,
844,фронт,,2,4,,3,4,3
843,сакля,3,4,4,,6,4,
842,веник,3,3,3,,3,3,
841,битва,3,3,3,,3,4,
840,мазут,2,4,4,,4,2,3
839,чехол,5,3,5,,4,3,2
838,дерби,2,3,4,,3,4,4
837,шатер,4,3,4,,3,3,3
836,акциз,4,3,3,,3,2,3
835,кобра,3,4,3,,4,4,3
834,мышка,3,6,6,,6,5,4
833,шорты,4,4,5,,3,4,3
832,штука,3,3,4,,4,3,4
831,бойня,4,4,4,,5,4,3
830,самка,4,6,5,,3,4,4
829,фланг,3,3,3,,4,3,3
828,кража,5,4,3,,3,3,
827,барак,4,2,4,,3,3,2
826,совок,4,4,3,,3,3,3
825,почта,3,3,4,,3,3,4
824,ворох,5,2,4,,3,3,3
823,изъян,3,4,4,,7,4,
822,океан,2,4,3,,3,3,3
821,беляш,2,4,3,,3,4,5
820,оскал,2,4,4,,3,2,3
819,весло,3,3,3,,3,3,3
818,тунец,4,3,3,,3,4,2
817,жулик,3,4,4,,4,3,3
816,вафля,3,3,3,,4,5,4
815,надел,3,4,5,,4,4,4
814,вишня,3,4,3,,2,3,3
813,напор,3,5,4,,3,4,4
812,морда,4,4,4,,3,3,4
811,нерпа,2,4,3,,3,4,2
810,трико,2,4,3,,2,3,2
809,сплав,3,3,3,,3,3,3
808,имидж,3,3,4,,3,3,3
807,рознь,4,4,4,,4,,3
806,трель,4,2,4,,4,3,4
805,мойка,5,4,3,,4,5,5
804,киоск,4,2,3,,3,3,3
803,ликер,2,4,3,,3,3,2
802,певец,3,5,4,,3,5,4
801,особь,4,3,3,,4,4,
800,стиль,3,5,5,,4,3,2
799,хмель,3,2,3,,4,4,3
798,обрез,3,4,4,,5,4,4
797,залет,3,4,3,,4,3,6
796,выгул,4,4,4,,3,4,4
795,бекон,2,4,4,,3,4,4
794,мотив,,4,4,,3,3,3
793,бизон,,6,2,,2,4,6
792,клоун,,4,3,,3,3,
791,полип,,4,4,,3,5,4
790,огрех,,3,3,,3,3,3
789,шакал,,3,4,,3,2,5
788,банан,,3,3,,3,5,
787,каноэ,,4,3,,4,5,
786,лакей,,3,4,,4,5,
785,штрих,,4,4,,3,3,3
784,месяц,,4,3,,2,3,4
783,тиран,,4,2,,3,3,4
782,отряд,,2,3,,4,5,6
781,парус,,4,3,,3,5,
780,князь,,4,3,,3,5,3
779,батон,,5,2,,4,5,1
774,оклад,,3,4,,4,,4
773,винир,,6,3,,3,4,4
771,судно,,4,5,,,3,4
770,толща,4,3,3,,5,4,3
769,гамак,4,5,3,,3,3,2
768,ежиха,4,5,3,,7,5,4
767,желчь,3,3,4,,4,4,
766,чернь,2,5,4,,4,3,3
765,тоник,3,4,3,,3,5,2
764,спина,3,3,3,,2,1,3
763,плешь,4,3,3,,4,4,3
762,волок,4,3,3,,3,4,5
761,форма,3,5,3,,3,3,5
760,изгой,2,4,4,,3,3,3
759,штраф,3,3,5,,4,5,2
758,пламя,2,4,3,,4,3,3
757,выезд,3,6,4,,4,3,3
756,пилот,2,4,3,,3,4,2
755,титул,3,4,4,,3,3,3
754,химик,3,5,5,,4,4,3
753,багаж,4,3,3,,3,4,3
752,казнь,2,3,3,,4,3,2
751,отбор,3,5,3,,4,4,2
750,рыбак,2,4,4,,3,4,3
749,донор,3,3,4,,3,4,3
748,броня,2,5,3,,4,2,2
747,осина,3,3,4,,3,4,3
746,ферма,2,6,3,,3,3,3
745,пение,3,6,4,,4,3,3
744,квота,3,4,2,,2,3,2
743,хомяк,2,4,4,,4,4,3
742,повар,2,4,3,,3,5,3
741,лиана,3,4,3,,4,4,2
740,чайка,4,5,4,,4,5,4
739,мусор,3,3,5,,4,3,2
738,потоп,3,4,3,,3,4,3
737,казак,2,4,3,,4,3,5
736,отель,3,4,4,,3,4,3
735,скрип,3,4,2,,3,3,3
734,драка,4,5,5,,5,4,3
733,кобра,2,4,2,,2,3,3
732,рывок,3,4,3,,3,2,2
731,опора,5,5,2,,4,4,3
730,навоз,3,5,3,,3,3,3
729,комар,2,4,3,,4,4,3
728,довод,4,6,3,,4,5,4
727,минус,3,3,3,,3,3,3
726,грань,4,4,3,,2,4,4
725,свита,4,4,4,,3,3,2
724,трата,4,5,3,,4,4,4
723,девиз,2,5,3,,4,4,
722,вывоз,2,4,4,,5,4,3
721,штаны,4,4,3,,4,4,3
720,проза,3,4,2,,3,4,2
719,ягуар,2,3,3,,5,4,2
718,финал,3,3,3,,3,4,4
717,въезд,4,4,4,,3,4,3
716,напор,4,5,3,,4,4,4
715,амеба,3,4,4,,4,4,
714,ласка,4,5,5,,3,3,3
713,каюта,4,5,4,,4,3,4
712,затея,3,4,4,,4,3,3
711,толща,3,5,4,,4,3,3
710,актер,3,3,4,,3,4,4
709,пафос,4,2,3,,3,4,3
708,оклад,3,3,2,,3,3,3
707,аллея,3,4,4,,3,5,4
706,вальс,3,4,3,,3,5,3
705,кумир,2,5,3,,4,4,3
704,голос,3,4,3,,3,4,
703,грунт,3,2,3,,3,3,3
702,манеж,2,6,3,,3,5,3
701,ковер,2,4,3,,2,2,1
700,вожак,2,2,2,,4,5,3
699,кузов,4,4,3,,3,3,3
698,часть,3,4,4,,4,3,
697,талия,4,5,3,,3,4,4
696,слюна,2,4,4,,4,6,3
695,ягода,3,3,4,,4,3,2
694,особь,3,4,3,,4,2,3
693,фетиш,2,3,3,,5,4,3
692,степь,3,4,3,,3,3,2
691,фронт,3,3,3,,4,4,
690,ручей,3,5,4,,4,4,3
689,самец,4,3,4,,3,3,4
688,свеча,2,5,3,,4,2,3
687,юрист,3,4,3,,3,5,2
686,видео,3,3,3,,3,4,4
685,магия,2,4,4,,4,4,3
684,шашка,5,4,4,,6,4,3
683,майка,3,4,4,,6,3,6
682,бочка,2,6,3,,5,3,5
681,шорты,4,4,4,,5,4,3
680,батон,2,4,3,,4,5,3
679,вышка,4,4,6,,4,4,3
678,гарем,3,3,3,,2,3,3
677,медик,2,3,3,,4,2,3
676,папка,5,3,6,,3,5,5
675,мафия,,4,4,,5,3,3
674,эмаль,,4,3,,4,3,4
673,веник,,4,3,,2,3,4
672,факел,,5,3,,3,3,3
671,рельс,,5,3,,5,4,4
670,тварь,,3,3,,4,5,2
669,киоск,,4,3,,3,,
668,салат,,4,2,,2,3,3
667,самка,,3,3,,3,4,4
666,акула,,4,3,,4,3,3
665,спирт,,3,2,,3,3,2
664,лимон,,4,5,,4,4,
663,кубок,,4,3,,3,3,
662,петля,,5,4,,2,3,4
661,ясень,,3,3,,4,4,4
660,рента,,4,2,,5,4,
659,вираж,,4,3,,2,4,
658,почка,,3,2,,3,4,5
657,котел,,3,3,,4,4,3
656,ангел,,3,4,,2,4,3
655,шкура,,3,3,,4,4,2
654,идеал,,3,3,,4,3,3
653,демон,,4,4,,3,5,2
652,физик,,3,4,,6,5,
651,буфет,,3,4,,6,4,4
650,отрыв,,4,3,,5,4,3
649,ртуть,,4,3,,3,3,2
648,весть,,3,4,,2,2,4
647,венок,,3,3,,3,3,4
646,шахта,,3,3,,4,3,3
645,рация,,5,3,,5,5,2
644,особа,,4,3,,3,3,2
643,приют,,3,4,,3,3,4
642,ларек,,3,2,,3,3,3
641,адрес,,3,4,,2,4,3
640,скала,,3,3,,4,2,3
639,аборт,,5,3,,2,,3
638,кража,,3,2,,4,5,3
637,тесть,,5,3,,4,6,
636,сосуд,,4,3,,4,4,4
635,бонус,,6,3,,5,5,3
634,аршин,,2,3,,5,4,2
633,дамба,3,,3,,4,4,3
632,износ,4,,2,,4,5,2
631,баран,3,,3,,3,3,3
630,чашка,3,,3,,5,6,3
629,глыба,4,,4,,3,4,3
628,белка,2,,3,,3,3,3
627,рычаг,3,,4,,4,4,2
626,купон,2,,3,,2,4,2
625,петух,2,,4,,4,2,3
624,элита,2,,3,,5,6,3
623,брошь,4,,3,,3,5,3
622,перец,4,,2,,4,4,3
621,принц,2,,4,,4,5,3
620,архив,3,,3,,4,2,2
619,мачта,3,,3,,4,3,4
618,плоть,3,,3,,3,3,3
617,рояль,3,,3,,3,3,4
616,подол,3,,4,,4,5,3
615,рубка,2,,4,,4,4,2
614,склон,3,,3,,4,5,2
613,бланк,3,,3,,5,3,5
612,метла,3,,4,,4,4,3
611,штурм,2,,3,,3,4,2
610,порок,3,,3,,4,3,2
609,хутор,3,,3,,3,3,3
608,тезис,2,,3,,2,4,4
607,вокал,3,,2,,3,3,3
606,нутро,3,,3,,4,5,3
605,сетка,3,,2,,4,3,2
604,базар,2,,3,,3,3,3
603,столп,3,,3,,5,3,2
602,дилер,3,,3,,4,4,3
601,олень,3,,4,,3,4,2
600,колея,3,,4,,2,5,3
599,газон,3,,3,,4,6,3
598,рифма,3,,3,,4,3,3
597,заезд,3,,3,,3,3,4
596,лассо,3,,3,,5,4,3
595,кокон,3,,3,,3,4,5
594,накал,3,,3,,3,5,4
593,наряд,3,,2,,5,4,2
592,обувь,2,,4,,2,3,
591,афиша,3,,4,,5,5,3
590,бухта,2,,3,,5,3,3
589,изгиб,2,,5,,7,3,2
588,вафля,3,,3,,4,3,2
587,тираж,2,,3,,4,2,3
586,уголь,3,,4,,3,3,3
585,русло,2,,3,,2,5,2
584,вздох,3,,5,,5,6,2
583,кузен,2,,3,,4,4,5
582,халат,3,,3,,4,3,2
581,погон,3,,3,,3,4,3
580,ружье,4,,4,,4,4,3
579,смола,2,,4,,4,3,3
578,пепел,4,,3,,4,4,4
577,панда,2,,4,,4,3,3
576,копия,3,,3,,3,4,3
575,кудри,3,,3,,3,4,2
574,диета,2,,3,,4,3,2
573,банда,4,,3,,4,4,3
572,робот,3,,3,,5,5,3
571,парта,4,,3,,3,3,5
570,эскиз,2,,3,,5,4,3
569,фрукт,3,,2,,4,3,2
568,взнос,4,,3,,4,4,4
567,колоб,3,,4,,4,6,7
566,лента,3,,3,,3,4,3
565,ролик,4,,2,,4,4,3
564,фланг,3,,4,,4,4,4
563,тесто,4,,3,,4,3,1
562,вылет,3,,3,,4,4,4
561,сваха,3,,4,,5,4,3
560,звено,3,,3,,4,4,2
559,холст,3,,3,,3,4,3
558,ребус,3,,2,,2,2,4
557,бедро,3,,3,,4,5,3
556,шхуна,4,,3,,5,4,2
555,искра,3,,3,,3,2,3
554,ущерб,3,,3,,4,4,4
553,парад,4,,2,,3,3,3
552,очерк,3,,3,,4,3,4
551,шорох,4,,3,,6,3,3
550,шрифт,4,,4,,3,3,4
549,обход,4,,4,,3,4,3
548,синяк,4,,3,,3,4,2
547,смута,2,,3,,4,5,2
546,тунец,3,,3,,4,5,2
545,букет,2,,3,,3,3,3
544,обзор,4,,3,,,6,4
543,кукла,3,,3,,3,5,3
542,дрянь,4,,3,,4,2,2
541,висок,2,,3,,3,4,3
540,лаваш,3,,3,,5,4,4
539,дрожь,4,,3,,3,4,3
538,купец,2,,3,,5,4,4
537,дрозд,3,,4,,2,4,2
536,насос,3,,3,,3,3,3
535,скула,3,,3,,4,3,3
534,косяк,3,,4,,5,5,4
533,лавка,4,,2,,6,7,3
532,груда,3,,3,,6,3,5
531,муляж,2,,3,,4,3,3
530,чужак,4,,4,,6,3,3
529,баржа,3,,3,,3,4,3
528,стриж,3,,3,,4,,
527,шайба,3,,4,,4,4,3
526,табор,3,,3,,3,5,3
525,истец,3,,3,,3,4,2
524,порох,3,,4,,3,4,3
523,какао,2,,3,,3,4,3
522,венец,3,,4,,3,5,4
521,слуга,3,,4,,4,4,
520,скоба,2,,3,,4,3,2
519,арбуз,2,,4,,3,3,2
518,заряд,3,,4,,4,4,2
517,залив,2,,3,,4,2,4
516,шалун,3,,3,,4,5,4
515,горка,2,,3,,3,5,3
514,шоссе,3,,3,,4,5,2
513,драма,3,,5,,3,5,3
512,нитка,2,,3,,3,4,3
511,досуг,3,,3,,4,5,3
510,обруч,3,,3,,4,3,3
509,культ,3,,3,,3,2,2
508,пачка,3,,3,,3,3,3
507,слово,4,,4,,2,3,4
506,проба,3,,3,,3,4,3
505,пытка,,,5,,3,4,3
504,алмаз,,,2,,3,3,3
503,тиски,,,4,,4,4,2
502,нюанс,,,,,2,5,4
501,камин,,,,,3,3,4
500,племя,3,,,,4,4,3
499,сарай,3,,,,5,2,2
498,вахта,2,,,,3,3,4
497,амбре,3,,,,3,5,3
496,дозор,3,,,,4,3,3
495,малыш,3,,,,3,5,4
494,скука,3,,,,3,4,3
493,глубь,3,,,,4,6,2
492,абзац,2,,,,4,6,4
491,барон,2,,,,4,3,2
490,взмах,2,,,,4,3,3
489,сыщик,3,,,,4,5,3
488,жираф,2,,,,5,4,2
487,откат,4,,,,5,4,2
486,топор,3,,,,3,3,3
485,ссора,2,,,,5,4,4
484,облик,2,,,,4,3,3
483,актив,2,,,,4,4,2
482,упрек,3,,,,3,3,2
481,обман,2,,,,3,3,2
480,барин,2,,,,2,4,2
479,шляпа,3,,,,2,2,2
478,дрова,2,,,,4,3,3
477,шалаш,3,,,,3,5,3
476,комик,3,,,,4,5,3
475,кепка,4,,,,4,4,2
474,щенок,3,,,,4,5,3
473,арена,3,,,,3,3,3
472,певец,3,,,,4,4,5
471,спуск,4,,,,3,3,2
470,поэма,3,,,,5,5,3
469,табак,2,,,,4,2,3
468,касса,2,,,,6,5,4
467,засор,3,,,,3,5,3
466,аванс,3,,,,5,4,3
465,круиз,2,,,,2,3,3
464,флирт,3,,,,3,4,3
463,гроза,3,,,,3,3,2
462,радар,3,,,,3,3,4
461,навес,3,,,,2,2,3
460,череп,3,,,,6,5,4
459,дырка,3,,,,6,,3
458,штамм,4,,,,4,5,2
457,осада,3,,,,4,4,3
456,гараж,3,,,,4,3,3
455,стопа,3,,,,3,3,3
454,маска,3,,,,3,3,3
453,койка,4,,,,4,7,3
452,траур,4,,,,3,3,3
451,линза,3,,,,4,3,3
450,канон,3,,,,3,5,3
449,донос,3,,,,5,5,3
448,знамя,2,,,,4,3,2
447,пласт,2,,,,2,4,3
446,логик,2,,,,2,4,4
445,злоба,3,,,,4,2,2
444,поход,4,,,,3,4,2
443,судно,2,,,,4,4,4
442,крона,3,,,,3,1,3
441,каток,2,,,,4,3,3
440,карма,3,,,,3,2,3
439,вечер,4,,,,5,3,2
438,пучок,3,,,,5,4,4
437,недуг,3,,,,4,4,2
436,фасад,4,,,,4,3,4
435,манер,4,,,,5,5,3
434,столб,3,,,,4,4,3
433,схема,3,,,,3,5,3
432,родня,3,,,,4,5,2
431,икота,3,,,,4,5,3
430,зерно,3,,,,4,2,4
429,крупа,2,,,,5,5,2
428,струя,3,,,,3,5,3
427,мышца,3,,,,3,3,3
426,палач,2,,,,3,3,2
425,оскал,3,,,,4,3,3
424,ощупь,5,,,,5,4,4
423,бомба,3,,,,3,3,2
422,мерка,4,,,,4,6,3
421,опека,3,,,,2,2,3
420,таран,4,,,,3,5,4
419,балет,3,,,,4,5,4
418,кисть,2,,,,3,4,2
417,грипп,3,,,,4,4,2
416,сырье,4,,,,4,4,4
415,буран,4,,,,3,4,5
414,лимит,3,,,,3,5,3
413,вилка,3,,,,6,4,4
412,моряк,4,,,,5,4,3
411,щетка,6,,,,6,7,4
410,амбар,3,,,,5,3,3
409,посох,4,,,,5,4,3
408,повод,5,,,,4,5,4
407,моток,5,,,,5,4,4
406,жених,5,,,,4,4,5
405,кофта,3,,,,4,4,3
404,питон,3,,,,4,3,3
403,балка,6,,,,5,4,4
402,весло,3,,,,3,3,4
401,побег,3,,,,4,4,4
400,овраг,4,,,,3,4,3
399,шаман,4,,,,4,6,5
398,чутье,4,,,,3,4,4
397,кокос,3,,,,4,5,4
396,брюки,4,,,,4,5,4
395,слива,5,,,,4,4,4
394,залог,5,,,,2,5,5
393,обрез,6,,,,3,5,5
392,пряжа,3,,,,4,2,2
391,казна,4,,,,5,4,6
390,брань,2,,,,4,3,6
389,грант,5,,,,5,7,4
388,груша,3,,,,5,3,2
387,этика,3,,,,6,5,4
386,взлет,5,,,,5,3,4
385,сквер,2,,,,4,4,4
384,пчела,2,,,,5,3,5
383,битва,3,,,,4,4,4
382,сеанс,3,,,,3,4,4
381,мэрия,4,,,,4,4,5
380,осетр,4,,,,3,4,4
379,бетон,3,,,,4,4,5
378,треск,3,,,,3,4,2
377,узник,2,,,,4,4,4
376,цыган,4,,,,5,3,4
375,обуза,4,,,,5,5,3
374,будка,6,,,,4,3,5
373,лесть,3,,,,3,5,4
372,жажда,5,,,,3,7,6
371,исход,4,,,,,2,
370,сосна,4,,,,4,,
369,олово,3,,,,3,3,2
368,учеба,4,,,,4,5,
367,пашня,4,,,,4,4,
366,кинза,4,,,,4,,6
365,блюдо,5,,,,3,4,
364,пират,1,,,,3,3,
363,опрос,4,,,,5,4,3
362,геном,4,,,,4,3,
361,вишня,4,,,,5,3,
360,рулет,3,,,,3,5,3
359,шприц,4,,,,5,4,
358,борец,3,,,,5,3,5
357,казус,2,,,,3,4,
356,намек,6,,,,4,5,
355,пушка,2,,,,4,3,
354,обрыв,5,,,,4,4,
353,пасть,4,,,,5,4,4
352,бугор,5,,,,2,4,4
351,мираж,5,,,,3,4,3
350,тропа,2,,,,4,5,5
349,талон,4,,,,3,5,5
348,налет,3,,,,3,5,6
347,ветвь,4,,,,4,5,3
346,форум,6,,,,5,5,3
345,бронь,2,,,,4,,
344,дрель,6,,,,3,3,
343,молва,,,,,4,3,
342,выкуп,,,,,3,5,
341,биржа,,,,,4,3,
340,эстет,,,,,6,3,4
339,пицца,,,,,5,5,
338,брюхо,,,,,3,4,4
337,аббат,3,,,,4,5,4
336,сплав,3,,,,4,4,
335,салют,5,,,,5,2,
334,вилла,4,,,,3,4,
333,камыш,3,,,,3,5,
332,капот,4,,,,3,2,
331,седло,3,,,,3,,3
330,комок,4,,,,5,4,
329,монах,2,,,,3,3,3
328,гамак,4,,,,5,4,5
327,тупик,4,,,,4,3,4
326,обыск,3,,,,3,3,5
325,авеню,3,,,,5,,3
324,вдова,5,,,,3,4,4
323,носок,4,,,,5,5,4
322,дебют,5,,,,6,5,3
321,свист,5,,,,5,3,4
320,вихрь,4,,,,4,6,2
319,чугун,4,,,,3,4,
318,шатер,,,,,5,5,
317,крыса,2,,,,4,5,
316,суета,4,,,,4,3,5
315,тембр,4,,,,5,5,3
314,месть,3,,,,3,4,
313,вопль,4,,,,5,3,4
312,сокол,,,,,4,3,3
311,лампа,4,,,,4,,4
310,заход,5,,,,6,3,5
309,обряд,3,,,,4,6,5
308,плита,4,,,,5,4,4
307,гудок,6,,,,6,3,5
306,порыв,4,,,,5,,5
305,туфля,,,,,4,6,4
304,отсек,5,,,,4,3,3
303,умник,4,,,,4,5,4
302,отчет,4,,,,4,4,
301,якорь,3,,,,4,5,3
300,испуг,4,,,,4,,3
299,почта,3,,,,2,3,
298,гамма,6,,,,5,5,5
297,секта,,,,,4,6,6
296,шпага,5,,,,4,4,5
295,жилец,2,,,,4,5,4
294,жилет,4,,,,6,5,4
293,глина,5,,,,6,4,4
292,макет,2,,,,4,4,3
291,почет,6,,,,5,5,6
290,хохот,,,,,,,5
289,зачет,4,,,,5,5,5
288,рубин,4,,,,3,4,3
287,икона,3,,,,4,6,4
286,корма,4,,,,4,5,5
285,богач,4,,,,6,4,
284,пирог,3,,,,2,4,4
283,сдача,,,,,4,4,5
282,тулуп,,,,,4,,6
281,штора,4,,,,3,4,2
280,исток,4,,,,3,4,
277,бокал,,,,,3,2,
276,мумия,,,,,4,4,
275,химия,4,,,,5,,
274,посол,3,,,,4,4,5
273,ванна,6,,,,4,6,2
272,хобби,,,,,5,3,
271,стенд,,,,,4,4,4
265,стадо,,,,,,,4
264,кухня,,,,,2,,
263,грамм,5,,,,4,6,4
261,лилия,,,,,6,,5
260,налог,,,,,4,,
258,сабля,,,,,4,3,3
257,нарды,3,,,,4,4,
256,пульс,3,,,,3,4,
255,древо,3,,,,3,4,5
254,фокус,4,,,,5,4,4
253,червь,4,,,,2,6,4
252,козел,5,,,,3,,4
251,полюс,4,,,,3,2,5
250,опера,5,,,,2,4,4
249,табун,4,,,,4,,
248,влага,4,,,,4,,5
247,отбой,6,,,,5,,3
246,мадам,6,,,,6,5,6
245,сталь,3,,,,3,,5
244,барак,4,,,,4,4,3
243,шкала,4,,,,5,,3
242,блеск,5,,,,3,3,4
241,такси,3,,,,3,5,5
240,извоз,4,,,,5,3,
239,показ,4,,,,3,3,3
238,вьюга,6,,,,5,5,3
237,шишка,5,,,,6,6,4
236,закат,4,,,,5,3,4
235,старт,4,,,,5,4,3
234,навык,4,,,,4,4,6
233,тайга,4,,,,4,,5
232,копье,2,,,,5,4,4
231,шпион,4,,,,4,3,5
230,бремя,3,,,,4,4,
229,мятеж,4,,,,4,3,3
228,взвод,4,,,,,,5
227,устав,5,,,,4,4,
226,катер,,,,,6,3,3
225,ранец,4,,,,,4,6
224,ябеда,3,,,,6,3,4
223,досье,5,,,,4,4,5
222,сдвиг,3,,,,5,,4
221,уксус,5,,,,3,5,5
220,говор,6,,,,3,,5
219,хруст,2,,,,4,3,
218,пятка,4,,,,3,5,4
217,короб,6,,,,4,3,6
216,чехол,5,,,,5,3,6
215,позор,3,,,,3,6,2
214,возня,5,,,,4,3,4
213,гладь,4,,,,3,4,5
212,финиш,4,,,,4,,4
211,штамп,4,,,,4,4,6
210,ангар,5,,,,,,4
209,ловля,3,,,,5,5,4
208,каска,6,,,,6,4,4
207,чудак,4,,,,6,3,2
206,будни,4,,,,5,5,6
205,шланг,5,,,,3,4,
204,страж,5,,,,5,6,5
203,уклад,3,,,,2,5,5
202,корка,6,,,,6,5,
201,дуэль,5,,,,5,,3
200,левша,5,,,,6,5,5
199,купол,2,,,,5,3,5
198,пульт,3,,,,3,,5
197,разум,5,,,,3,3,4
196,смесь,4,,,,5,3,6
195,благо,5,,,,5,3,6
194,сахар,5,,,,4,4,
193,гений,3,,,,4,5,
192,агент,3,,,,4,3,
191,тариф,5,,,,4,3,3
190,башня,6,,,,5,4,4
189,ветка,5,,,,5,3,3
187,домик,6,,,,4,5,5
186,охота,4,,,,3,5,5
185,голод,4,,,,6,4,5
184,белок,4,,,,3,5,
183,ложка,3,,,,3,5,
182,шапка,5,,,,,6,6
181,бытие,3,,,,4,,5
180,удача,5,,,,5,4,5
179,бровь,5,,,,5,3,5
178,полка,4,,,,3,4,
177,вызов,4,,,,,,
176,бабка,4,,,,,,
175,юноша,3,,,,6,,
174,орден,3,,,,4,4,3
173,вождь,5,,,,,,6
172,тонна,4,,,,3,2,4
171,игрок,6,,,,5,,3
170,атака,5,,,,5,,
169,шофер,4,,,,3,5,4
168,туман,2,,,,4,3,5
167,рукав,,,,,2,,
166,гонка,3,,,,4,4,6
165,вклад,5,,,,4,5,6
164,обида,3,,,,4,,5
163,тетка,6,,,,5,,6
162,холод,4,,,,4,6,5
161,пожар,4,,,,4,,6
160,капля,4,,,,5,2,4
159,салон,4,,,,5,,3
158,собор,3,,,,5,4,
157,нужда,4,,,,4,,3
156,отряд,4,,,,5,,6
155,арест,2,,,,3,3,
154,мотив,3,,,,4,,5
153,склад,5,,,,5,4,3
152,север,3,,,,5,3,
151,мотор,,,,,4,3,3
150,спрос,3,,,,5,4,3
149,грязь,2,,,,4,,2
148,марка,6,,,,3,,5
147,мороз,6,,,,3,3,
146,забор,5,,,,4,3,4
145,тоска,5,,,,3,3,3
144,обмен,4,,,,4,3,
143,метро,4,,,,4,4,4
142,банка,,,,,5,3,3
141,нация,4,,,,5,6,6
140,зверь,5,,,,2,4,5
139,радио,6,,,,5,4,4
138,тепло,4,,,,5,5,4
137,ствол,4,,,,4,4,4
136,пауза,5,,,,5,,4
135,океан,3,,,,4,4,3
134,визит,5,,,,5,5,3
133,ткань,3,,,,3,4,5
132,пятно,5,,,,3,4,4
131,кошка,6,,,,5,6,5
130,съезд,4,,,,4,6,4
129,плата,4,,,,5,4,4
128,горло,5,,,,4,4,3
127,набор,5,,,,5,5,4
126,танец,5,,,,4,,4
125,дочка,6,,,,5,5,6
124,строй,5,,,,4,3,
123,озеро,3,,,,4,5,3
122,песок,3,,,,4,2,3
121,хвост,4,,,,2,5,
